Method,Job,AnalyzeLaunchVariance,EvaluateOverhead,MaxAbsoluteError,MaxRelativeError,MinInvokeCount,MinIterationTime,OutlierMode,Affinity,EnvironmentVariables,Jit,LargeAddressAware,Platform,PowerPlanMode,Runtime,AllowVeryLargeObjects,Concurrent,CpuGroups,Force,HeapAffinitizeMask,HeapCount,NoAffinitize,RetainVm,Server,Arguments,BuildConfiguration,Clock,EngineFactory,NuGetReferences,Toolchain,IsMutator,InvocationCount,IterationCount,IterationTime,LaunchCount,MaxIterationCount,MaxWarmupIterationCount,MemoryRandomization,MinIterationCount,MinWarmupIterationCount,RunStrategy,UnrollFactor,WarmupCount,MiddlewareCount,Scenario,CacheHit,Mean,Error,StdDev,Ratio,RatioSD,Gen0,Gen1,Allocated,Alloc Ratio
Dispatch_WithConfiguredMiddleware,diag-default,False,Default,Default,Default,Default,Default,Default,11111111111111111111111111111111,Empty,RyuJit,Default,X64,8c5e7fda-e8bf-4a96-9a85-a6e23a8c635c,.NET 10.0,False,True,False,True,Default,Default,False,False,False,Default,Default,Default,Default,Default,InProcessEmitToolchain,Default,Default,8,Default,1,Default,Default,Default,Default,Default,Default,1,3,0,Command,False,123.0 ns,3.57 ns,1.59 ns,1.00,0.02,0.0312,0.0000,592 B,1.00
Dispatch_WithConfiguredMiddleware,diag-default,False,Default,Default,Default,Default,Default,Default,11111111111111111111111111111111,Empty,RyuJit,Default,X64,8c5e7fda-e8bf-4a96-9a85-a6e23a8c635c,.NET 10.0,False,True,False,True,Default,Default,False,False,False,Default,Default,Default,Default,Default,InProcessEmitToolchain,Default,Default,8,Default,1,Default,Default,Default,Default,Default,Default,1,3,0,Command,True,172.9 ns,13.14 ns,6.87 ns,1.00,0.05,0.0441,0.0000,832 B,1.00
Dispatch_WithConfiguredMiddleware,diag-default,False,Default,Default,Default,Default,Default,Default,11111111111111111111111111111111,Empty,RyuJit,Default,X64,8c5e7fda-e8bf-4a96-9a85-a6e23a8c635c,.NET 10.0,False,True,False,True,Default,Default,False,False,False,Default,Default,Default,Default,Default,InProcessEmitToolchain,Default,Default,8,Default,1,Default,Default,Default,Default,Default,Default,1,3,0,Query,False,162.6 ns,7.46 ns,3.90 ns,1.00,0.03,0.0436,0.0000,824 B,1.00
Dispatch_WithConfiguredMiddleware,diag-default,False,Default,Default,Default,Default,Default,Default,11111111111111111111111111111111,Empty,RyuJit,Default,X64,8c5e7fda-e8bf-4a96-9a85-a6e23a8c635c,.NET 10.0,False,True,False,True,Default,Default,False,False,False,Default,Default,Default,Default,Default,InProcessEmitToolchain,Default,Default,8,Default,1,Default,Default,Default,Default,Default,Default,1,3,0,Query,True,215.0 ns,15.99 ns,7.10 ns,1.00,0.04,0.0565,0.0000,1064 B,1.00
Dispatch_WithConfiguredMiddleware,diag-default,False,Default,Default,Default,Default,Default,Default,11111111111111111111111111111111,Empty,RyuJit,Default,X64,8c5e7fda-e8bf-4a96-9a85-a6e23a8c635c,.NET 10.0,False,True,False,True,Default,Default,False,False,False,Default,Default,Default,Default,Default,InProcessEmitToolchain,Default,Default,8,Default,1,Default,Default,Default,Default,Default,Default,1,3,0,Event,False,156.3 ns,5.88 ns,3.08 ns,1.00,0.03,0.0327,0.0000,616 B,1.00
Dispatch_WithConfiguredMiddleware,diag-default,False,Default,Default,Default,Default,Default,Default,11111111111111111111111111111111,Empty,RyuJit,Default,X64,8c5e7fda-e8bf-4a96-9a85-a6e23a8c635c,.NET 10.0,False,True,False,True,Default,Default,False,False,False,Default,Default,Default,Default,Default,InProcessEmitToolchain,Default,Default,8,Default,1,Default,Default,Default,Default,Default,Default,1,3,0,Event,True,154.7 ns,3.69 ns,1.64 ns,1.00,0.01,0.0327,0.0000,616 B,1.00
Dispatch_WithConfiguredMiddleware,diag-default,False,Default,Default,Default,Default,Default,Default,11111111111111111111111111111111,Empty,RyuJit,Default,X64,8c5e7fda-e8bf-4a96-9a85-a6e23a8c635c,.NET 10.0,False,True,False,True,Default,Default,False,False,False,Default,Default,Default,Default,Default,InProcessEmitToolchain,Default,Default,8,Default,1,Default,Default,Default,Default,Default,Default,1,3,1,Command,False,498.6 ns,11.18 ns,5.85 ns,1.00,0.02,0.0992,0.0000,1880 B,1.00
Dispatch_WithConfiguredMiddleware,diag-default,False,Default,Default,Default,Default,Default,Default,11111111111111111111111111111111,Empty,RyuJit,Default,X64,8c5e7fda-e8bf-4a96-9a85-a6e23a8c635c,.NET 10.0,False,True,False,True,Default,Default,False,False,False,Default,Default,Default,Default,Default,InProcessEmitToolchain,Default,Default,8,Default,1,Default,Default,Default,Default,Default,Default,1,3,1,Command,True,507.7 ns,64.80 ns,33.89 ns,1.00,0.09,0.1030,0.0000,1944 B,1.00
Dispatch_WithConfiguredMiddleware,diag-default,False,Default,Default,Default,Default,Default,Default,11111111111111111111111111111111,Empty,RyuJit,Default,X64,8c5e7fda-e8bf-4a96-9a85-a6e23a8c635c,.NET 10.0,False,True,False,True,Default,Default,False,False,False,Default,Default,Default,Default,Default,InProcessEmitToolchain,Default,Default,8,Default,1,Default,Default,Default,Default,Default,Default,1,3,1,Query,False,528.8 ns,12.87 ns,6.73 ns,1.00,0.02,0.1049,0.0000,1984 B,1.00
Dispatch_WithConfiguredMiddleware,diag-default,False,Default,Default,Default,Default,Default,Default,11111111111111111111111111111111,Empty,RyuJit,Default,X64,8c5e7fda-e8bf-4a96-9a85-a6e23a8c635c,.NET 10.0,False,True,False,True,Default,Default,False,False,False,Default,Default,Default,Default,Default,InProcessEmitToolchain,Default,Default,8,Default,1,Default,Default,Default,Default,Default,Default,1,3,1,Query,True,477.3 ns,4.28 ns,2.24 ns,1.00,0.01,0.0963,0.0000,1816 B,1.00
Dispatch_WithConfiguredMiddleware,diag-default,False,Default,Default,Default,Default,Default,Default,11111111111111111111111111111111,Empty,RyuJit,Default,X64,8c5e7fda-e8bf-4a96-9a85-a6e23a8c635c,.NET 10.0,False,True,False,True,Default,Default,False,False,False,Default,Default,Default,Default,Default,InProcessEmitToolchain,Default,Default,8,Default,1,Default,Default,Default,Default,Default,Default,1,3,1,Event,False,530.9 ns,26.23 ns,13.72 ns,1.00,0.03,0.1030,0.0000,1952 B,1.00
Dispatch_WithConfiguredMiddleware,diag-default,False,Default,Default,Default,Default,Default,Default,11111111111111111111111111111111,Empty,RyuJit,Default,X64,8c5e7fda-e8bf-4a96-9a85-a6e23a8c635c,.NET 10.0,False,True,False,True,Default,Default,False,False,False,Default,Default,Default,Default,Default,InProcessEmitToolchain,Default,Default,8,Default,1,Default,Default,Default,Default,Default,Default,1,3,1,Event,True,523.2 ns,24.96 ns,13.05 ns,1.00,0.03,0.1030,0.0000,1952 B,1.00
Dispatch_WithConfiguredMiddleware,diag-default,False,Default,Default,Default,Default,Default,Default,11111111111111111111111111111111,Empty,RyuJit,Default,X64,8c5e7fda-e8bf-4a96-9a85-a6e23a8c635c,.NET 10.0,False,True,False,True,Default,Default,False,False,False,Default,Default,Default,Default,Default,InProcessEmitToolchain,Default,Default,8,Default,1,Default,Default,Default,Default,Default,Default,1,3,3,Command,False,658.8 ns,44.16 ns,23.10 ns,1.00,0.05,0.1221,0.0000,2312 B,1.00
Dispatch_WithConfiguredMiddleware,diag-default,False,Default,Default,Default,Default,Default,Default,11111111111111111111111111111111,Empty,RyuJit,Default,X64,8c5e7fda-e8bf-4a96-9a85-a6e23a8c635c,.NET 10.0,False,True,False,True,Default,Default,False,False,False,Default,Default,Default,Default,Default,InProcessEmitToolchain,Default,Default,8,Default,1,Default,Default,Default,Default,Default,Default,1,3,3,Command,True,665.6 ns,13.53 ns,7.08 ns,1.00,0.01,0.1392,0.0000,2624 B,1.00
Dispatch_WithConfiguredMiddleware,diag-default,False,Default,Default,Default,Default,Default,Default,11111111111111111111111111111111,Empty,RyuJit,Default,X64,8c5e7fda-e8bf-4a96-9a85-a6e23a8c635c,.NET 10.0,False,True,False,True,Default,Default,False,False,False,Default,Default,Default,Default,Default,InProcessEmitToolchain,Default,Default,8,Default,1,Default,Default,Default,Default,Default,Default,1,3,3,Query,False,678.9 ns,79.27 ns,35.20 ns,1.00,0.07,0.1278,0.0000,2416 B,1.00
Dispatch_WithConfiguredMiddleware,diag-default,False,Default,Default,Default,Default,Default,Default,11111111111111111111111111111111,Empty,RyuJit,Default,X64,8c5e7fda-e8bf-4a96-9a85-a6e23a8c635c,.NET 10.0,False,True,False,True,Default,Default,False,False,False,Default,Default,Default,Default,Default,InProcessEmitToolchain,Default,Default,8,Default,1,Default,Default,Default,Default,Default,Default,1,3,3,Query,True,640.9 ns,57.28 ns,29.96 ns,1.00,0.06,0.1326,0.0000,2496 B,1.00
Dispatch_WithConfiguredMiddleware,diag-default,False,Default,Default,Default,Default,Default,Default,11111111111111111111111111111111,Empty,RyuJit,Default,X64,8c5e7fda-e8bf-4a96-9a85-a6e23a8c635c,.NET 10.0,False,True,False,True,Default,Default,False,False,False,Default,Default,Default,Default,Default,InProcessEmitToolchain,Default,Default,8,Default,1,Default,Default,Default,Default,Default,Default,1,3,3,Event,False,659.5 ns,30.58 ns,13.58 ns,1.00,0.03,0.1259,0.0000,2384 B,1.00
Dispatch_WithConfiguredMiddleware,diag-default,False,Default,Default,Default,Default,Default,Default,11111111111111111111111111111111,Empty,RyuJit,Default,X64,8c5e7fda-e8bf-4a96-9a85-a6e23a8c635c,.NET 10.0,False,True,False,True,Default,Default,False,False,False,Default,Default,Default,Default,Default,InProcessEmitToolchain,Default,Default,8,Default,1,Default,Default,Default,Default,Default,Default,1,3,3,Event,True,672.0 ns,13.60 ns,6.04 ns,1.00,0.01,0.1259,0.0000,2384 B,1.00
Dispatch_WithConfiguredMiddleware,diag-default,False,Default,Default,Default,Default,Default,Default,11111111111111111111111111111111,Empty,RyuJit,Default,X64,8c5e7fda-e8bf-4a96-9a85-a6e23a8c635c,.NET 10.0,False,True,False,True,Default,Default,False,False,False,Default,Default,Default,Default,Default,InProcessEmitToolchain,Default,Default,8,Default,1,Default,Default,Default,Default,Default,Default,1,3,5,Command,False,800.0 ns,47.52 ns,21.10 ns,1.00,0.04,0.1583,0.0010,2992 B,1.00
Dispatch_WithConfiguredMiddleware,diag-default,False,Default,Default,Default,Default,Default,Default,11111111111111111111111111111111,Empty,RyuJit,Default,X64,8c5e7fda-e8bf-4a96-9a85-a6e23a8c635c,.NET 10.0,False,True,False,True,Default,Default,False,False,False,Default,Default,Default,Default,Default,InProcessEmitToolchain,Default,Default,8,Default,1,Default,Default,Default,Default,Default,Default,1,3,5,Command,True,763.5 ns,84.60 ns,44.25 ns,1.00,0.08,0.1621,0.0010,3056 B,1.00
Dispatch_WithConfiguredMiddleware,diag-default,False,Default,Default,Default,Default,Default,Default,11111111111111111111111111111111,Empty,RyuJit,Default,X64,8c5e7fda-e8bf-4a96-9a85-a6e23a8c635c,.NET 10.0,False,True,False,True,Default,Default,False,False,False,Default,Default,Default,Default,Default,InProcessEmitToolchain,Default,Default,8,Default,1,Default,Default,Default,Default,Default,Default,1,3,5,Query,False,808.4 ns,99.28 ns,51.92 ns,1.00,0.09,0.1640,0.0010,3096 B,1.00
Dispatch_WithConfiguredMiddleware,diag-default,False,Default,Default,Default,Default,Default,Default,11111111111111111111111111111111,Empty,RyuJit,Default,X64,8c5e7fda-e8bf-4a96-9a85-a6e23a8c635c,.NET 10.0,False,True,False,True,Default,Default,False,False,False,Default,Default,Default,Default,Default,InProcessEmitToolchain,Default,Default,8,Default,1,Default,Default,Default,Default,Default,Default,1,3,5,Query,True,785.5 ns,38.58 ns,17.13 ns,1.00,0.03,0.1554,0.0010,2928 B,1.00
Dispatch_WithConfiguredMiddleware,diag-default,False,Default,Default,Default,Default,Default,Default,11111111111111111111111111111111,Empty,RyuJit,Default,X64,8c5e7fda-e8bf-4a96-9a85-a6e23a8c635c,.NET 10.0,False,True,False,True,Default,Default,False,False,False,Default,Default,Default,Default,Default,InProcessEmitToolchain,Default,Default,8,Default,1,Default,Default,Default,Default,Default,Default,1,3,5,Event,False,832.8 ns,59.67 ns,31.21 ns,1.00,0.05,0.1621,0.0000,3064 B,1.00
Dispatch_WithConfiguredMiddleware,diag-default,False,Default,Default,Default,Default,Default,Default,11111111111111111111111111111111,Empty,RyuJit,Default,X64,8c5e7fda-e8bf-4a96-9a85-a6e23a8c635c,.NET 10.0,False,True,False,True,Default,Default,False,False,False,Default,Default,Default,Default,Default,InProcessEmitToolchain,Default,Default,8,Default,1,Default,Default,Default,Default,Default,Default,1,3,5,Event,True,837.9 ns,34.86 ns,18.23 ns,1.00,0.03,0.1621,0.0000,3064 B,1.00
Dispatch_WithConfiguredMiddleware,diag-default,False,Default,Default,Default,Default,Default,Default,11111111111111111111111111111111,Empty,RyuJit,Default,X64,8c5e7fda-e8bf-4a96-9a85-a6e23a8c635c,.NET 10.0,False,True,False,True,Default,Default,False,False,False,Default,Default,Default,Default,Default,InProcessEmitToolchain,Default,Default,8,Default,1,Default,Default,Default,Default,Default,Default,1,3,10,Command,False,"1,112.6 ns",87.05 ns,45.53 ns,1.00,0.06,0.2441,0.0019,4600 B,1.00
Dispatch_WithConfiguredMiddleware,diag-default,False,Default,Default,Default,Default,Default,Default,11111111111111111111111111111111,Empty,RyuJit,Default,X64,8c5e7fda-e8bf-4a96-9a85-a6e23a8c635c,.NET 10.0,False,True,False,True,Default,Default,False,False,False,Default,Default,Default,Default,Default,InProcessEmitToolchain,Default,Default,8,Default,1,Default,Default,Default,Default,Default,Default,1,3,10,Command,True,"1,102.2 ns",108.04 ns,56.50 ns,1.00,0.07,0.2460,0.0019,4664 B,1.00
Dispatch_WithConfiguredMiddleware,diag-default,False,Default,Default,Default,Default,Default,Default,11111111111111111111111111111111,Empty,RyuJit,Default,X64,8c5e7fda-e8bf-4a96-9a85-a6e23a8c635c,.NET 10.0,False,True,False,True,Default,Default,False,False,False,Default,Default,Default,Default,Default,InProcessEmitToolchain,Default,Default,8,Default,1,Default,Default,Default,Default,Default,Default,1,3,10,Query,False,"1,142.4 ns",115.51 ns,60.41 ns,1.00,0.07,0.2499,0.0019,4704 B,1.00
Dispatch_WithConfiguredMiddleware,diag-default,False,Default,Default,Default,Default,Default,Default,11111111111111111111111111111111,Empty,RyuJit,Default,X64,8c5e7fda-e8bf-4a96-9a85-a6e23a8c635c,.NET 10.0,False,True,False,True,Default,Default,False,False,False,Default,Default,Default,Default,Default,InProcessEmitToolchain,Default,Default,8,Default,1,Default,Default,Default,Default,Default,Default,1,3,10,Query,True,"1,081.2 ns",87.49 ns,31.20 ns,1.00,0.04,0.2403,0.0019,4536 B,1.00
Dispatch_WithConfiguredMiddleware,diag-default,False,Default,Default,Default,Default,Default,Default,11111111111111111111111111111111,Empty,RyuJit,Default,X64,8c5e7fda-e8bf-4a96-9a85-a6e23a8c635c,.NET 10.0,False,True,False,True,Default,Default,False,False,False,Default,Default,Default,Default,Default,InProcessEmitToolchain,Default,Default,8,Default,1,Default,Default,Default,Default,Default,Default,1,3,10,Event,False,"1,185.0 ns",94.00 ns,41.74 ns,1.00,0.05,0.2480,0.0019,4672 B,1.00
Dispatch_WithConfiguredMiddleware,diag-default,False,Default,Default,Default,Default,Default,Default,11111111111111111111111111111111,Empty,RyuJit,Default,X64,8c5e7fda-e8bf-4a96-9a85-a6e23a8c635c,.NET 10.0,False,True,False,True,Default,Default,False,False,False,Default,Default,Default,Default,Default,InProcessEmitToolchain,Default,Default,8,Default,1,Default,Default,Default,Default,Default,Default,1,3,10,Event,True,"1,108.9 ns",132.77 ns,69.44 ns,1.00,0.08,0.2480,0.0019,4672 B,1.00
