Method,Job,AnalyzeLaunchVariance,EvaluateOverhead,MaxAbsoluteError,MaxRelativeError,MinInvokeCount,MinIterationTime,OutlierMode,Affinity,EnvironmentVariables,Jit,LargeAddressAware,Platform,PowerPlanMode,Runtime,AllowVeryLargeObjects,Concurrent,CpuGroups,Force,HeapAffinitizeMask,HeapCount,NoAffinitize,RetainVm,Server,Arguments,BuildConfiguration,Clock,EngineFactory,NuGetReferences,Toolchain,IsMutator,InvocationCount,IterationCount,IterationTime,LaunchCount,MaxIterationCount,MaxWarmupIterationCount,MemoryRandomization,MinIterationCount,MinWarmupIterationCount,RunStrategy,UnrollFactor,WarmupCount,HandlerCount,BehaviorMode,Mean,Error,StdDev,Ratio,RatioSD,Gen0,Allocated,Alloc Ratio
'Fan-out dispatch by handler behavior',diag-default,False,Default,Default,Default,Default,Default,Default,11111111111111111111111111111111,Empty,RyuJit,Default,X64,00000000-0000-0000-0000-000000000000,.NET 10.0,False,True,False,True,Default,Default,False,False,False,Default,Default,Default,Default,Default,InProcessEmitToolchain,Default,Default,8,Default,1,Default,Default,Default,Default,Default,Default,1,3,1,CompletedTask,56.05 ns,1.063 ns,0.472 ns,1.00,0.01,0.0126,240 B,1.00
'Fan-out dispatch by handler behavior',diag-default,False,Default,Default,Default,Default,Default,Default,11111111111111111111111111111111,Empty,RyuJit,Default,X64,00000000-0000-0000-0000-000000000000,.NET 10.0,False,True,False,True,Default,Default,False,False,False,Default,Default,Default,Default,Default,InProcessEmitToolchain,Default,Default,8,Default,1,Default,Default,Default,Default,Default,Default,1,3,1,TaskYield,758.77 ns,6.994 ns,3.658 ns,1.00,0.01,0.0324,621 B,1.00
'Fan-out dispatch by handler behavior',diag-default,False,Default,Default,Default,Default,Default,Default,11111111111111111111111111111111,Empty,RyuJit,Default,X64,00000000-0000-0000-0000-000000000000,.NET 10.0,False,True,False,True,Default,Default,False,False,False,Default,Default,Default,Default,Default,InProcessEmitToolchain,Default,Default,8,Default,1,Default,Default,Default,Default,Default,Default,1,3,1,ShortIoDelay,"14,870,298.21 ns","252,061.580 ns","111,916.904 ns",1.00,0.01,0.0000,942 B,1.00
'Fan-out dispatch by handler behavior',diag-default,False,Default,Default,Default,Default,Default,Default,11111111111111111111111111111111,Empty,RyuJit,Default,X64,00000000-0000-0000-0000-000000000000,.NET 10.0,False,True,False,True,Default,Default,False,False,False,Default,Default,Default,Default,Default,InProcessEmitToolchain,Default,Default,8,Default,1,Default,Default,Default,Default,Default,Default,1,3,10,CompletedTask,317.25 ns,2.442 ns,1.277 ns,1.00,0.01,0.0238,456 B,1.00
'Fan-out dispatch by handler behavior',diag-default,False,Default,Default,Default,Default,Default,Default,11111111111111111111111111111111,Empty,RyuJit,Default,X64,00000000-0000-0000-0000-000000000000,.NET 10.0,False,True,False,True,Default,Default,False,False,False,Default,Default,Default,Default,Default,InProcessEmitToolchain,Default,Default,8,Default,1,Default,Default,Default,Default,Default,Default,1,3,10,TaskYield,"3,799.99 ns",27.114 ns,14.181 ns,1.00,0.00,0.0916,1751 B,1.00
'Fan-out dispatch by handler behavior',diag-default,False,Default,Default,Default,Default,Default,Default,11111111111111111111111111111111,Empty,RyuJit,Default,X64,00000000-0000-0000-0000-000000000000,.NET 10.0,False,True,False,True,Default,Default,False,False,False,Default,Default,Default,Default,Default,InProcessEmitToolchain,Default,Default,8,Default,1,Default,Default,Default,Default,Default,Default,1,3,10,ShortIoDelay,"14,810,165.36 ns","153,721.879 ns","54,818.703 ns",1.00,0.00,0.0000,3735 B,1.00
'Fan-out dispatch by handler behavior',diag-default,False,Default,Default,Default,Default,Default,Default,11111111111111111111111111111111,Empty,RyuJit,Default,X64,00000000-0000-0000-0000-000000000000,.NET 10.0,False,True,False,True,Default,Default,False,False,False,Default,Default,Default,Default,Default,InProcessEmitToolchain,Default,Default,8,Default,1,Default,Default,Default,Default,Default,Default,1,3,50,CompletedTask,"1,823.58 ns",38.096 ns,19.925 ns,1.00,0.01,0.0744,1416 B,1.00
'Fan-out dispatch by handler behavior',diag-default,False,Default,Default,Default,Default,Default,Default,11111111111111111111111111111111,Empty,RyuJit,Default,X64,00000000-0000-0000-0000-000000000000,.NET 10.0,False,True,False,True,Default,Default,False,False,False,Default,Default,Default,Default,Default,InProcessEmitToolchain,Default,Default,8,Default,1,Default,Default,Default,Default,Default,Default,1,3,50,TaskYield,"18,450.08 ns",420.613 ns,219.989 ns,1.00,0.02,0.3662,7075 B,1.00
'Fan-out dispatch by handler behavior',diag-default,False,Default,Default,Default,Default,Default,Default,11111111111111111111111111111111,Empty,RyuJit,Default,X64,00000000-0000-0000-0000-000000000000,.NET 10.0,False,True,False,True,Default,Default,False,False,False,Default,Default,Default,Default,Default,InProcessEmitToolchain,Default,Default,8,Default,1,Default,Default,Default,Default,Default,Default,1,3,50,ShortIoDelay,"15,312,026.76 ns","353,232.826 ns","184,747.598 ns",1.00,0.02,0.0000,16214 B,1.00
