Namespace,Type,Method,Job,AnalyzeLaunchVariance,EvaluateOverhead,MaxAbsoluteError,MaxRelativeError,MinInvokeCount,MinIterationTime,OutlierMode,Affinity,EnvironmentVariables,Jit,LargeAddressAware,Platform,PowerPlanMode,Runtime,AllowVeryLargeObjects,Concurrent,CpuGroups,Force,HeapAffinitizeMask,HeapCount,NoAffinitize,RetainVm,Server,Arguments,BuildConfiguration,Clock,EngineFactory,NuGetReferences,Toolchain,IsMutator,InvocationCount,IterationCount,IterationTime,LaunchCount,MaxIterationCount,MaxWarmupIterationCount,MemoryRandomization,MinIterationCount,MinWarmupIterationCount,RunStrategy,UnrollFactor,WarmupCount,BatchSize,Mean,Error,StdDev,Median,Ratio,RatioSD,Gen0,Gen1,Allocated,Alloc Ratio
Excalibur.Dispatch.Benchmarks.Serialization,MemoryPackSerializationBenchmarks,'System.Text.Json Serialize (comparison)',DefaultJob,False,Default,Default,Default,Default,Default,Default,11111111111111111111111111111111,Empty,RyuJit,Default,X64,8c5e7fda-e8bf-4a96-9a85-a6e23a8c635c,.NET 10.0,False,True,False,True,Default,Default,False,False,False,Default,Default,Default,Default,Default,Default,Default,Default,Default,Default,Default,Default,Default,Default,Default,Default,Default,16,Default,?,298.09 ns,3.650 ns,3.235 ns,297.66 ns,?,?,0.0415,0.0000,784 B,?
Excalibur.Dispatch.Benchmarks.Serialization,MemoryPackSerializationBenchmarks,'System.Text.Json Deserialize (comparison)',DefaultJob,False,Default,Default,Default,Default,Default,Default,11111111111111111111111111111111,Empty,RyuJit,Default,X64,8c5e7fda-e8bf-4a96-9a85-a6e23a8c635c,.NET 10.0,False,True,False,True,Default,Default,False,False,False,Default,Default,Default,Default,Default,Default,Default,Default,Default,Default,Default,Default,Default,Default,Default,Default,Default,16,Default,?,455.02 ns,5.761 ns,5.107 ns,454.75 ns,?,?,0.0625,0.0000,1184 B,?
Excalibur.Dispatch.Benchmarks.Serialization,MemoryPackSerializationBenchmarks,'MessagePack Serialize (comparison)',DefaultJob,False,Default,Default,Default,Default,Default,Default,11111111111111111111111111111111,Empty,RyuJit,Default,X64,8c5e7fda-e8bf-4a96-9a85-a6e23a8c635c,.NET 10.0,False,True,False,True,Default,Default,False,False,False,Default,Default,Default,Default,Default,Default,Default,Default,Default,Default,Default,Default,Default,Default,Default,Default,Default,16,Default,?,129.85 ns,1.079 ns,0.957 ns,129.83 ns,?,?,0.0155,0.0000,296 B,?
Excalibur.Dispatch.Benchmarks.Serialization,MemoryPackSerializationBenchmarks,'MessagePack Deserialize (comparison)',DefaultJob,False,Default,Default,Default,Default,Default,Default,11111111111111111111111111111111,Empty,RyuJit,Default,X64,8c5e7fda-e8bf-4a96-9a85-a6e23a8c635c,.NET 10.0,False,True,False,True,Default,Default,False,False,False,Default,Default,Default,Default,Default,Default,Default,Default,Default,Default,Default,Default,Default,Default,Default,Default,Default,16,Default,?,283.11 ns,5.685 ns,6.767 ns,283.14 ns,?,?,0.0377,0.0000,712 B,?
Excalibur.Dispatch.Benchmarks.Comparative,MassTransitComparisonBenchmarks,'Dispatch: Single command',comparative-inproc,False,Default,Default,Default,Default,Default,Default,11111111111111111111111111111111,Empty,RyuJit,Default,X64,8c5e7fda-e8bf-4a96-9a85-a6e23a8c635c,.NET 10.0,False,True,False,True,Default,Default,False,False,False,Default,Default,Default,Default,Default,InProcessEmitToolchain,Default,Default,Default,Default,Default,Default,Default,Default,Default,Default,Default,16,Default,?,115.53 ns,2.133 ns,1.891 ns,115.27 ns,1.00,0.02,0.0139,0.0000,264 B,1.00
Excalibur.Dispatch.Benchmarks.Comparative,MassTransitMediatorComparisonBenchmarks,'Dispatch (local): Single command',comparative-inproc,False,Default,Default,Default,Default,Default,Default,11111111111111111111111111111111,Empty,RyuJit,Default,X64,8c5e7fda-e8bf-4a96-9a85-a6e23a8c635c,.NET 10.0,False,True,False,True,Default,Default,False,False,False,Default,Default,Default,Default,Default,InProcessEmitToolchain,Default,Default,Default,Default,Default,Default,Default,Default,Default,Default,Default,16,Default,?,134.49 ns,0.803 ns,0.712 ns,134.44 ns,1.16,0.02,0.0186,0.0000,352 B,1.33
Excalibur.Dispatch.Benchmarks.Comparative,MediatRComparisonBenchmarks,'Dispatch: Single command handler',comparative-inproc,False,Default,Default,Default,Default,Default,Default,11111111111111111111111111111111,Empty,RyuJit,Default,X64,8c5e7fda-e8bf-4a96-9a85-a6e23a8c635c,.NET 10.0,False,True,False,True,Default,Default,False,False,False,Default,Default,Default,Default,Default,InProcessEmitToolchain,Default,Default,Default,Default,Default,Default,Default,Default,Default,Default,Default,16,Default,?,121.39 ns,1.002 ns,0.938 ns,121.14 ns,1.05,0.02,0.0138,0.0000,264 B,1.00
Excalibur.Dispatch.Benchmarks.Comparative,PipelineComparisonBenchmarks,'Dispatch: 3 middleware behaviors',comparative-inproc,False,Default,Default,Default,Default,Default,Default,11111111111111111111111111111111,Empty,RyuJit,Default,X64,8c5e7fda-e8bf-4a96-9a85-a6e23a8c635c,.NET 10.0,False,True,False,True,Default,Default,False,False,False,Default,Default,Default,Default,Default,InProcessEmitToolchain,Default,Default,Default,Default,Default,Default,Default,Default,Default,Default,Default,16,Default,?,519.59 ns,10.303 ns,16.041 ns,522.05 ns,4.50,0.15,0.0687,0.0000,1296 B,4.91
Excalibur.Dispatch.Benchmarks.Comparative,StartupComparisonBenchmarks,'Dispatch: Container startup',comparative-inproc,False,Default,Default,Default,Default,Default,Default,11111111111111111111111111111111,Empty,RyuJit,Default,X64,8c5e7fda-e8bf-4a96-9a85-a6e23a8c635c,.NET 10.0,False,True,False,True,Default,Default,False,False,False,Default,Default,Default,Default,Default,InProcessEmitToolchain,Default,Default,Default,Default,Default,Default,Default,Default,Default,Default,Default,16,Default,?,NA,NA,NA,NA,?,?,NA,NA,NA,?
Excalibur.Dispatch.Benchmarks.Comparative,TransportQueueParityComparisonBenchmarks,'Dispatch (remote): queued command end-to-end',comparative-inproc,False,Default,Default,Default,Default,Default,Default,11111111111111111111111111111111,Empty,RyuJit,Default,X64,8c5e7fda-e8bf-4a96-9a85-a6e23a8c635c,.NET 10.0,False,True,False,True,Default,Default,False,False,False,Default,Default,Default,Default,Default,InProcessEmitToolchain,Default,Default,Default,Default,Default,Default,Default,Default,Default,Default,Default,16,Default,?,"1,367.97 ns",27.186 ns,46.895 ns,"1,368.47 ns",11.84,0.44,0.0420,0.0000,808 B,3.06
Excalibur.Dispatch.Benchmarks.Comparative,WolverineComparisonBenchmarks,'Dispatch: Single command',comparative-inproc,False,Default,Default,Default,Default,Default,Default,11111111111111111111111111111111,Empty,RyuJit,Default,X64,8c5e7fda-e8bf-4a96-9a85-a6e23a8c635c,.NET 10.0,False,True,False,True,Default,Default,False,False,False,Default,Default,Default,Default,Default,InProcessEmitToolchain,Default,Default,Default,Default,Default,Default,Default,Default,Default,Default,Default,16,Default,?,117.99 ns,1.042 ns,0.975 ns,118.09 ns,1.02,0.02,0.0138,0.0000,264 B,1.00
Excalibur.Dispatch.Benchmarks.Comparative,WolverineInProcessComparisonBenchmarks,'Dispatch (local): Single command',comparative-inproc,False,Default,Default,Default,Default,Default,Default,11111111111111111111111111111111,Empty,RyuJit,Default,X64,8c5e7fda-e8bf-4a96-9a85-a6e23a8c635c,.NET 10.0,False,True,False,True,Default,Default,False,False,False,Default,Default,Default,Default,Default,InProcessEmitToolchain,Default,Default,Default,Default,Default,Default,Default,Default,Default,Default,Default,16,Default,?,118.97 ns,1.111 ns,0.985 ns,118.72 ns,1.03,0.02,0.0139,0.0000,264 B,1.00
Excalibur.Dispatch.Benchmarks.Comparative,MassTransitComparisonBenchmarks,'MassTransit: Single command',comparative-inproc,False,Default,Default,Default,Default,Default,Default,11111111111111111111111111111111,Empty,RyuJit,Default,X64,8c5e7fda-e8bf-4a96-9a85-a6e23a8c635c,.NET 10.0,False,True,False,True,Default,Default,False,False,False,Default,Default,Default,Default,Default,InProcessEmitToolchain,Default,Default,Default,Default,Default,Default,Default,Default,Default,Default,Default,16,Default,?,"24,667.23 ns","1,511.561 ns","4,409.296 ns","26,643.57 ns",213.57,38.14,1.0986,0.0000,22127 B,83.81
Excalibur.Dispatch.Benchmarks.Comparative,MassTransitMediatorComparisonBenchmarks,'MassTransit Mediator (in-process): Single command',comparative-inproc,False,Default,Default,Default,Default,Default,Default,11111111111111111111111111111111,Empty,RyuJit,Default,X64,8c5e7fda-e8bf-4a96-9a85-a6e23a8c635c,.NET 10.0,False,True,False,True,Default,Default,False,False,False,Default,Default,Default,Default,Default,InProcessEmitToolchain,Default,Default,Default,Default,Default,Default,Default,Default,Default,Default,Default,16,Default,?,"1,392.98 ns",27.833 ns,52.954 ns,"1,415.22 ns",12.06,0.49,0.1869,0.0000,3544 B,13.42
Excalibur.Dispatch.Benchmarks.Comparative,MediatRComparisonBenchmarks,'Dispatch: Single command strict direct-local',comparative-inproc,False,Default,Default,Default,Default,Default,Default,11111111111111111111111111111111,Empty,RyuJit,Default,X64,8c5e7fda-e8bf-4a96-9a85-a6e23a8c635c,.NET 10.0,False,True,False,True,Default,Default,False,False,False,Default,Default,Default,Default,Default,InProcessEmitToolchain,Default,Default,Default,Default,Default,Default,Default,Default,Default,Default,Default,16,Default,?,125.73 ns,1.303 ns,1.155 ns,125.60 ns,1.09,0.02,0.0138,0.0000,264 B,1.00
Excalibur.Dispatch.Benchmarks.Comparative,PipelineComparisonBenchmarks,'MediatR: 3 pipeline behaviors',comparative-inproc,False,Default,Default,Default,Default,Default,Default,11111111111111111111111111111111,Empty,RyuJit,Default,X64,8c5e7fda-e8bf-4a96-9a85-a6e23a8c635c,.NET 10.0,False,True,False,True,Default,Default,False,False,False,Default,Default,Default,Default,Default,InProcessEmitToolchain,Default,Default,Default,Default,Default,Default,Default,Default,Default,Default,Default,16,Default,?,163.39 ns,2.284 ns,2.137 ns,162.66 ns,1.41,0.03,0.0393,0.0000,744 B,2.82
Excalibur.Dispatch.Benchmarks.Comparative,StartupComparisonBenchmarks,'MediatR: Container startup',comparative-inproc,False,Default,Default,Default,Default,Default,Default,11111111111111111111111111111111,Empty,RyuJit,Default,X64,8c5e7fda-e8bf-4a96-9a85-a6e23a8c635c,.NET 10.0,False,True,False,True,Default,Default,False,False,False,Default,Default,Default,Default,Default,InProcessEmitToolchain,Default,Default,Default,Default,Default,Default,Default,Default,Default,Default,Default,16,Default,?,"729,486.45 ns","8,681.040 ns","7,695.516 ns","729,248.19 ns","6,315.91",117.74,150.3906,4.8828,2833291 B,"10,732.16"
Excalibur.Dispatch.Benchmarks.Comparative,TransportQueueParityComparisonBenchmarks,'Wolverine: queued command end-to-end (SendAsync)',comparative-inproc,False,Default,Default,Default,Default,Default,Default,11111111111111111111111111111111,Empty,RyuJit,Default,X64,8c5e7fda-e8bf-4a96-9a85-a6e23a8c635c,.NET 10.0,False,True,False,True,Default,Default,False,False,False,Default,Default,Default,Default,Default,InProcessEmitToolchain,Default,Default,Default,Default,Default,Default,Default,Default,Default,Default,Default,16,Default,?,"6,397.75 ns",126.330 ns,328.348 ns,"6,428.47 ns",55.39,2.96,0.2899,0.0000,5640 B,21.36
Excalibur.Dispatch.Benchmarks.Comparative,WolverineComparisonBenchmarks,'Dispatch: Single command (ultra-local)',comparative-inproc,False,Default,Default,Default,Default,Default,Default,11111111111111111111111111111111,Empty,RyuJit,Default,X64,8c5e7fda-e8bf-4a96-9a85-a6e23a8c635c,.NET 10.0,False,True,False,True,Default,Default,False,False,False,Default,Default,Default,Default,Default,InProcessEmitToolchain,Default,Default,Default,Default,Default,Default,Default,Default,Default,Default,Default,16,Default,?,44.52 ns,0.761 ns,0.635 ns,44.54 ns,0.39,0.01,0.0025,0.0000,48 B,0.18
Excalibur.Dispatch.Benchmarks.Comparative,WolverineInProcessComparisonBenchmarks,'Dispatch (ultra-local): Single command',comparative-inproc,False,Default,Default,Default,Default,Default,Default,11111111111111111111111111111111,Empty,RyuJit,Default,X64,8c5e7fda-e8bf-4a96-9a85-a6e23a8c635c,.NET 10.0,False,True,False,True,Default,Default,False,False,False,Default,Default,Default,Default,Default,InProcessEmitToolchain,Default,Default,Default,Default,Default,Default,Default,Default,Default,Default,Default,16,Default,?,44.11 ns,0.693 ns,0.648 ns,43.99 ns,0.38,0.01,0.0025,0.0000,48 B,0.18
Excalibur.Dispatch.Benchmarks.Comparative,MassTransitComparisonBenchmarks,'Dispatch: Event to 2 handlers',comparative-inproc,False,Default,Default,Default,Default,Default,Default,11111111111111111111111111111111,Empty,RyuJit,Default,X64,8c5e7fda-e8bf-4a96-9a85-a6e23a8c635c,.NET 10.0,False,True,False,True,Default,Default,False,False,False,Default,Default,Default,Default,Default,InProcessEmitToolchain,Default,Default,Default,Default,Default,Default,Default,Default,Default,Default,Default,16,Default,?,122.09 ns,1.649 ns,1.462 ns,122.41 ns,1.06,0.02,0.0153,0.0000,288 B,1.09
Excalibur.Dispatch.Benchmarks.Comparative,MassTransitMediatorComparisonBenchmarks,'Dispatch (local): Notification to 2 handlers',comparative-inproc,False,Default,Default,Default,Default,Default,Default,11111111111111111111111111111111,Empty,RyuJit,Default,X64,8c5e7fda-e8bf-4a96-9a85-a6e23a8c635c,.NET 10.0,False,True,False,True,Default,Default,False,False,False,Default,Default,Default,Default,Default,InProcessEmitToolchain,Default,Default,Default,Default,Default,Default,Default,Default,Default,Default,Default,16,Default,?,141.47 ns,0.822 ns,0.729 ns,141.44 ns,1.22,0.02,0.0198,0.0000,376 B,1.42
Excalibur.Dispatch.Benchmarks.Comparative,MediatRComparisonBenchmarks,'Dispatch: Single command ultra-local API',comparative-inproc,False,Default,Default,Default,Default,Default,Default,11111111111111111111111111111111,Empty,RyuJit,Default,X64,8c5e7fda-e8bf-4a96-9a85-a6e23a8c635c,.NET 10.0,False,True,False,True,Default,Default,False,False,False,Default,Default,Default,Default,Default,InProcessEmitToolchain,Default,Default,Default,Default,Default,Default,Default,Default,Default,Default,Default,16,Default,?,46.10 ns,0.291 ns,0.273 ns,46.00 ns,0.40,0.01,0.0025,0.0000,48 B,0.18
Excalibur.Dispatch.Benchmarks.Comparative,PipelineComparisonBenchmarks,'Wolverine: 3 middleware',comparative-inproc,False,Default,Default,Default,Default,Default,Default,11111111111111111111111111111111,Empty,RyuJit,Default,X64,8c5e7fda-e8bf-4a96-9a85-a6e23a8c635c,.NET 10.0,False,True,False,True,Default,Default,False,False,False,Default,Default,Default,Default,Default,InProcessEmitToolchain,Default,Default,Default,Default,Default,Default,Default,Default,Default,Default,Default,16,Default,?,238.45 ns,2.515 ns,1.964 ns,238.73 ns,2.06,0.04,0.0405,0.0000,768 B,2.91
Excalibur.Dispatch.Benchmarks.Comparative,StartupComparisonBenchmarks,'Dispatch: Startup + 10 handlers',comparative-inproc,False,Default,Default,Default,Default,Default,Default,11111111111111111111111111111111,Empty,RyuJit,Default,X64,8c5e7fda-e8bf-4a96-9a85-a6e23a8c635c,.NET 10.0,False,True,False,True,Default,Default,False,False,False,Default,Default,Default,Default,Default,InProcessEmitToolchain,Default,Default,Default,Default,Default,Default,Default,Default,Default,Default,Default,16,Default,?,NA,NA,NA,NA,?,?,NA,NA,NA,?
Excalibur.Dispatch.Benchmarks.Comparative,TransportQueueParityComparisonBenchmarks,'MassTransit: queued command end-to-end (Publish)',comparative-inproc,False,Default,Default,Default,Default,Default,Default,11111111111111111111111111111111,Empty,RyuJit,Default,X64,8c5e7fda-e8bf-4a96-9a85-a6e23a8c635c,.NET 10.0,False,True,False,True,Default,Default,False,False,False,Default,Default,Default,Default,Default,InProcessEmitToolchain,Default,Default,Default,Default,Default,Default,Default,Default,Default,Default,Default,16,Default,?,"22,025.97 ns","1,510.732 ns","4,454.428 ns","21,358.12 ns",190.70,38.51,1.1902,0.0305,22134 B,83.84
Excalibur.Dispatch.Benchmarks.Comparative,WolverineComparisonBenchmarks,'Wolverine: Single command (InvokeAsync)',comparative-inproc,False,Default,Default,Default,Default,Default,Default,11111111111111111111111111111111,Empty,RyuJit,Default,X64,8c5e7fda-e8bf-4a96-9a85-a6e23a8c635c,.NET 10.0,False,True,False,True,Default,Default,False,False,False,Default,Default,Default,Default,Default,InProcessEmitToolchain,Default,Default,Default,Default,Default,Default,Default,Default,Default,Default,Default,16,Default,?,204.87 ns,3.243 ns,3.034 ns,204.82 ns,1.77,0.04,0.0365,0.0000,688 B,2.61
Excalibur.Dispatch.Benchmarks.Comparative,WolverineInProcessComparisonBenchmarks,'Wolverine (in-process): Single command InvokeAsync',comparative-inproc,False,Default,Default,Default,Default,Default,Default,11111111111111111111111111111111,Empty,RyuJit,Default,X64,8c5e7fda-e8bf-4a96-9a85-a6e23a8c635c,.NET 10.0,False,True,False,True,Default,Default,False,False,False,Default,Default,Default,Default,Default,InProcessEmitToolchain,Default,Default,Default,Default,Default,Default,Default,Default,Default,Default,Default,16,Default,?,198.21 ns,3.901 ns,4.174 ns,197.75 ns,1.72,0.04,0.0355,0.0000,672 B,2.55
Excalibur.Dispatch.Benchmarks.Comparative,MassTransitComparisonBenchmarks,'MassTransit: Event to 2 consumers',comparative-inproc,False,Default,Default,Default,Default,Default,Default,11111111111111111111111111111111,Empty,RyuJit,Default,X64,8c5e7fda-e8bf-4a96-9a85-a6e23a8c635c,.NET 10.0,False,True,False,True,Default,Default,False,False,False,Default,Default,Default,Default,Default,InProcessEmitToolchain,Default,Default,Default,Default,Default,Default,Default,Default,Default,Default,Default,16,Default,?,"29,665.18 ns",580.785 ns,"1,146.413 ns","29,771.52 ns",256.84,10.61,2.1057,0.1221,39408 B,149.27
Excalibur.Dispatch.Benchmarks.Comparative,MassTransitMediatorComparisonBenchmarks,'MassTransit Mediator (in-process): Notification to 2 consumers',comparative-inproc,False,Default,Default,Default,Default,Default,Default,11111111111111111111111111111111,Empty,RyuJit,Default,X64,8c5e7fda-e8bf-4a96-9a85-a6e23a8c635c,.NET 10.0,False,True,False,True,Default,Default,False,False,False,Default,Default,Default,Default,Default,InProcessEmitToolchain,Default,Default,Default,Default,Default,Default,Default,Default,Default,Default,Default,16,Default,?,"1,858.45 ns",36.345 ns,52.125 ns,"1,880.03 ns",16.09,0.51,0.2213,0.0000,4176 B,15.82
Excalibur.Dispatch.Benchmarks.Comparative,MediatRComparisonBenchmarks,'MediatR: Single command handler',comparative-inproc,False,Default,Default,Default,Default,Default,Default,11111111111111111111111111111111,Empty,RyuJit,Default,X64,8c5e7fda-e8bf-4a96-9a85-a6e23a8c635c,.NET 10.0,False,True,False,True,Default,Default,False,False,False,Default,Default,Default,Default,Default,InProcessEmitToolchain,Default,Default,Default,Default,Default,Default,Default,Default,Default,Default,Default,16,Default,?,43.72 ns,0.471 ns,0.440 ns,43.85 ns,0.38,0.01,0.0080,0.0000,152 B,0.58
Excalibur.Dispatch.Benchmarks.Comparative,PipelineComparisonBenchmarks,'MassTransit: 3 consume filters',comparative-inproc,False,Default,Default,Default,Default,Default,Default,11111111111111111111111111111111,Empty,RyuJit,Default,X64,8c5e7fda-e8bf-4a96-9a85-a6e23a8c635c,.NET 10.0,False,True,False,True,Default,Default,False,False,False,Default,Default,Default,Default,Default,InProcessEmitToolchain,Default,Default,Default,Default,Default,Default,Default,Default,Default,Default,Default,16,Default,?,"2,319.99 ns",45.232 ns,67.701 ns,"2,319.98 ns",20.09,0.66,0.2403,0.0000,4568 B,17.30
Excalibur.Dispatch.Benchmarks.Comparative,StartupComparisonBenchmarks,'MediatR: Startup + 10 handlers',comparative-inproc,False,Default,Default,Default,Default,Default,Default,11111111111111111111111111111111,Empty,RyuJit,Default,X64,8c5e7fda-e8bf-4a96-9a85-a6e23a8c635c,.NET 10.0,False,True,False,True,Default,Default,False,False,False,Default,Default,Default,Default,Default,InProcessEmitToolchain,Default,Default,Default,Default,Default,Default,Default,Default,Default,Default,Default,16,Default,?,"725,077.00 ns","10,223.975 ns","8,537.482 ns","726,063.57 ns","6,277.73",121.15,150.3906,4.8828,2833291 B,"10,732.16"
Excalibur.Dispatch.Benchmarks.Comparative,TransportQueueParityComparisonBenchmarks,'Dispatch (remote): queued event fan-out end-to-end',comparative-inproc,False,Default,Default,Default,Default,Default,Default,11111111111111111111111111111111,Empty,RyuJit,Default,X64,8c5e7fda-e8bf-4a96-9a85-a6e23a8c635c,.NET 10.0,False,True,False,True,Default,Default,False,False,False,Default,Default,Default,Default,Default,InProcessEmitToolchain,Default,Default,Default,Default,Default,Default,Default,Default,Default,Default,Default,16,Default,?,"1,447.90 ns",28.626 ns,42.847 ns,"1,440.01 ns",12.54,0.41,0.0420,0.0000,806 B,3.05
Excalibur.Dispatch.Benchmarks.Comparative,WolverineComparisonBenchmarks,'Wolverine: Single command (SendAsync)',comparative-inproc,False,Default,Default,Default,Default,Default,Default,11111111111111111111111111111111,Empty,RyuJit,Default,X64,8c5e7fda-e8bf-4a96-9a85-a6e23a8c635c,.NET 10.0,False,True,False,True,Default,Default,False,False,False,Default,Default,Default,Default,Default,InProcessEmitToolchain,Default,Default,Default,Default,Default,Default,Default,Default,Default,Default,Default,16,Default,?,"6,052.93 ns",119.610 ns,300.079 ns,"6,070.15 ns",52.41,2.71,0.2975,0.0076,5640 B,21.36
Excalibur.Dispatch.Benchmarks.Comparative,WolverineInProcessComparisonBenchmarks,'Dispatch (local): Notification to 2 handlers',comparative-inproc,False,Default,Default,Default,Default,Default,Default,11111111111111111111111111111111,Empty,RyuJit,Default,X64,8c5e7fda-e8bf-4a96-9a85-a6e23a8c635c,.NET 10.0,False,True,False,True,Default,Default,False,False,False,Default,Default,Default,Default,Default,InProcessEmitToolchain,Default,Default,Default,Default,Default,Default,Default,Default,Default,Default,Default,16,Default,?,128.99 ns,2.613 ns,5.279 ns,127.45 ns,1.12,0.05,0.0153,0.0000,288 B,1.09
Excalibur.Dispatch.Benchmarks.Comparative,MassTransitComparisonBenchmarks,'Dispatch: 10 concurrent commands',comparative-inproc,False,Default,Default,Default,Default,Default,Default,11111111111111111111111111111111,Empty,RyuJit,Default,X64,8c5e7fda-e8bf-4a96-9a85-a6e23a8c635c,.NET 10.0,False,True,False,True,Default,Default,False,False,False,Default,Default,Default,Default,Default,InProcessEmitToolchain,Default,Default,Default,Default,Default,Default,Default,Default,Default,Default,Default,16,Default,?,"1,200.17 ns",11.613 ns,9.067 ns,"1,199.73 ns",10.39,0.18,0.1221,0.0000,2320 B,8.79
Excalibur.Dispatch.Benchmarks.Comparative,MassTransitMediatorComparisonBenchmarks,'Dispatch (local): Query with return',comparative-inproc,False,Default,Default,Default,Default,Default,Default,11111111111111111111111111111111,Empty,RyuJit,Default,X64,8c5e7fda-e8bf-4a96-9a85-a6e23a8c635c,.NET 10.0,False,True,False,True,Default,Default,False,False,False,Default,Default,Default,Default,Default,InProcessEmitToolchain,Default,Default,Default,Default,Default,Default,Default,Default,Default,Default,Default,16,Default,?,174.32 ns,3.323 ns,2.775 ns,173.63 ns,1.51,0.03,0.0310,0.0000,584 B,2.21
Excalibur.Dispatch.Benchmarks.Comparative,MediatRComparisonBenchmarks,'Dispatch: Notification to 3 handlers',comparative-inproc,False,Default,Default,Default,Default,Default,Default,11111111111111111111111111111111,Empty,RyuJit,Default,X64,8c5e7fda-e8bf-4a96-9a85-a6e23a8c635c,.NET 10.0,False,True,False,True,Default,Default,False,False,False,Default,Default,Default,Default,Default,InProcessEmitToolchain,Default,Default,Default,Default,Default,Default,Default,Default,Default,Default,Default,16,Default,?,149.94 ns,2.481 ns,2.199 ns,149.03 ns,1.30,0.03,0.0165,0.0000,312 B,1.18
Excalibur.Dispatch.Benchmarks.Comparative,PipelineComparisonBenchmarks,'Dispatch: 10 concurrent + 3 behaviors',comparative-inproc,False,Default,Default,Default,Default,Default,Default,11111111111111111111111111111111,Empty,RyuJit,Default,X64,8c5e7fda-e8bf-4a96-9a85-a6e23a8c635c,.NET 10.0,False,True,False,True,Default,Default,False,False,False,Default,Default,Default,Default,Default,InProcessEmitToolchain,Default,Default,Default,Default,Default,Default,Default,Default,Default,Default,Default,16,Default,?,"6,948.76 ns",134.776 ns,188.937 ns,"7,022.40 ns",60.16,1.86,0.6714,0.0000,12672 B,48.00
Excalibur.Dispatch.Benchmarks.Comparative,TransportQueueParityComparisonBenchmarks,'Wolverine: queued event fan-out end-to-end (PublishAsync)',comparative-inproc,False,Default,Default,Default,Default,Default,Default,11111111111111111111111111111111,Empty,RyuJit,Default,X64,8c5e7fda-e8bf-4a96-9a85-a6e23a8c635c,.NET 10.0,False,True,False,True,Default,Default,False,False,False,Default,Default,Default,Default,Default,InProcessEmitToolchain,Default,Default,Default,Default,Default,Default,Default,Default,Default,Default,Default,16,Default,?,"6,739.78 ns",132.600 ns,210.318 ns,"6,692.71 ns",58.35,2.01,0.2975,0.0000,5616 B,21.27
Excalibur.Dispatch.Benchmarks.Comparative,WolverineComparisonBenchmarks,'Dispatch: Event to 2 handlers',comparative-inproc,False,Default,Default,Default,Default,Default,Default,11111111111111111111111111111111,Empty,RyuJit,Default,X64,8c5e7fda-e8bf-4a96-9a85-a6e23a8c635c,.NET 10.0,False,True,False,True,Default,Default,False,False,False,Default,Default,Default,Default,Default,InProcessEmitToolchain,Default,Default,Default,Default,Default,Default,Default,Default,Default,Default,Default,16,Default,?,126.21 ns,1.021 ns,0.797 ns,126.25 ns,1.09,0.02,0.0153,0.0000,288 B,1.09
Excalibur.Dispatch.Benchmarks.Comparative,WolverineInProcessComparisonBenchmarks,'Wolverine (in-process): Notification to 2 handlers',comparative-inproc,False,Default,Default,Default,Default,Default,Default,11111111111111111111111111111111,Empty,RyuJit,Default,X64,8c5e7fda-e8bf-4a96-9a85-a6e23a8c635c,.NET 10.0,False,True,False,True,Default,Default,False,False,False,Default,Default,Default,Default,Default,InProcessEmitToolchain,Default,Default,Default,Default,Default,Default,Default,Default,Default,Default,Default,16,Default,?,"6,183.90 ns",122.804 ns,289.464 ns,"6,223.94 ns",53.54,2.62,0.2975,0.0000,5640 B,21.36
Excalibur.Dispatch.Benchmarks.Comparative,MassTransitComparisonBenchmarks,'MassTransit: 10 concurrent commands',comparative-inproc,False,Default,Default,Default,Default,Default,Default,11111111111111111111111111111111,Empty,RyuJit,Default,X64,8c5e7fda-e8bf-4a96-9a85-a6e23a8c635c,.NET 10.0,False,True,False,True,Default,Default,False,False,False,Default,Default,Default,Default,Default,InProcessEmitToolchain,Default,Default,Default,Default,Default,Default,Default,Default,Default,Default,Default,16,Default,?,"138,464.79 ns","2,425.874 ns","2,269.164 ns","138,679.37 ns","1,198.83",26.68,11.4746,0.7324,219108 B,829.95
Excalibur.Dispatch.Benchmarks.Comparative,MassTransitMediatorComparisonBenchmarks,'MassTransit Mediator (in-process): Query with return',comparative-inproc,False,Default,Default,Default,Default,Default,Default,11111111111111111111111111111111,Empty,RyuJit,Default,X64,8c5e7fda-e8bf-4a96-9a85-a6e23a8c635c,.NET 10.0,False,True,False,True,Default,Default,False,False,False,Default,Default,Default,Default,Default,InProcessEmitToolchain,Default,Default,Default,Default,Default,Default,Default,Default,Default,Default,Default,16,Default,?,"15,121.43 ns","2,015.309 ns","5,942.186 ns","19,326.84 ns",130.92,51.25,0.6256,0.0153,11712 B,44.36
Excalibur.Dispatch.Benchmarks.Comparative,MediatRComparisonBenchmarks,'MediatR: Notification to 3 handlers',comparative-inproc,False,Default,Default,Default,Default,Default,Default,11111111111111111111111111111111,Empty,RyuJit,Default,X64,8c5e7fda-e8bf-4a96-9a85-a6e23a8c635c,.NET 10.0,False,True,False,True,Default,Default,False,False,False,Default,Default,Default,Default,Default,InProcessEmitToolchain,Default,Default,Default,Default,Default,Default,Default,Default,Default,Default,Default,16,Default,?,98.12 ns,1.801 ns,1.684 ns,98.38 ns,0.85,0.02,0.0327,0.0000,616 B,2.33
Excalibur.Dispatch.Benchmarks.Comparative,PipelineComparisonBenchmarks,'MediatR: 10 concurrent + 3 behaviors',comparative-inproc,False,Default,Default,Default,Default,Default,Default,11111111111111111111111111111111,Empty,RyuJit,Default,X64,8c5e7fda-e8bf-4a96-9a85-a6e23a8c635c,.NET 10.0,False,True,False,True,Default,Default,False,False,False,Default,Default,Default,Default,Default,InProcessEmitToolchain,Default,Default,Default,Default,Default,Default,Default,Default,Default,Default,Default,16,Default,?,"1,722.15 ns",25.745 ns,21.498 ns,"1,715.55 ns",14.91,0.29,0.4139,0.0000,7808 B,29.58
Excalibur.Dispatch.Benchmarks.Comparative,TransportQueueParityComparisonBenchmarks,'MassTransit: queued event fan-out end-to-end (Publish)',comparative-inproc,False,Default,Default,Default,Default,Default,Default,11111111111111111111111111111111,Empty,RyuJit,Default,X64,8c5e7fda-e8bf-4a96-9a85-a6e23a8c635c,.NET 10.0,False,True,False,True,Default,Default,False,False,False,Default,Default,Default,Default,Default,InProcessEmitToolchain,Default,Default,Default,Default,Default,Default,Default,Default,Default,Default,Default,16,Default,?,"31,020.95 ns","2,405.046 ns","7,091.332 ns","32,094.64 ns",268.58,61.26,2.1057,0.1221,39416 B,149.30
Excalibur.Dispatch.Benchmarks.Comparative,WolverineComparisonBenchmarks,'Wolverine: Event publish',comparative-inproc,False,Default,Default,Default,Default,Default,Default,11111111111111111111111111111111,Empty,RyuJit,Default,X64,8c5e7fda-e8bf-4a96-9a85-a6e23a8c635c,.NET 10.0,False,True,False,True,Default,Default,False,False,False,Default,Default,Default,Default,Default,InProcessEmitToolchain,Default,Default,Default,Default,Default,Default,Default,Default,Default,Default,Default,16,Default,?,"6,266.80 ns",124.955 ns,354.477 ns,"6,334.88 ns",54.26,3.17,0.2975,0.0076,5616 B,21.27
Excalibur.Dispatch.Benchmarks.Comparative,WolverineInProcessComparisonBenchmarks,'Dispatch (local): Query with return',comparative-inproc,False,Default,Default,Default,Default,Default,Default,11111111111111111111111111111111,Empty,RyuJit,Default,X64,8c5e7fda-e8bf-4a96-9a85-a6e23a8c635c,.NET 10.0,False,True,False,True,Default,Default,False,False,False,Default,Default,Default,Default,Default,InProcessEmitToolchain,Default,Default,Default,Default,Default,Default,Default,Default,Default,Default,Default,16,Default,?,156.14 ns,1.418 ns,1.326 ns,155.83 ns,1.35,0.02,0.0262,0.0000,496 B,1.88
Excalibur.Dispatch.Benchmarks.Comparative,MassTransitComparisonBenchmarks,'Dispatch: 100 concurrent commands',comparative-inproc,False,Default,Default,Default,Default,Default,Default,11111111111111111111111111111111,Empty,RyuJit,Default,X64,8c5e7fda-e8bf-4a96-9a85-a6e23a8c635c,.NET 10.0,False,True,False,True,Default,Default,False,False,False,Default,Default,Default,Default,Default,InProcessEmitToolchain,Default,Default,Default,Default,Default,Default,Default,Default,Default,Default,Default,16,Default,?,"11,663.33 ns",118.661 ns,110.995 ns,"11,630.95 ns",100.98,1.83,1.1444,0.0305,21760 B,82.42
Excalibur.Dispatch.Benchmarks.Comparative,MassTransitMediatorComparisonBenchmarks,'Dispatch (local): 10 concurrent commands',comparative-inproc,False,Default,Default,Default,Default,Default,Default,11111111111111111111111111111111,Empty,RyuJit,Default,X64,8c5e7fda-e8bf-4a96-9a85-a6e23a8c635c,.NET 10.0,False,True,False,True,Default,Default,False,False,False,Default,Default,Default,Default,Default,InProcessEmitToolchain,Default,Default,Default,Default,Default,Default,Default,Default,Default,Default,Default,16,Default,?,"1,466.89 ns",16.483 ns,15.418 ns,"1,459.37 ns",12.70,0.24,0.1698,0.0000,3200 B,12.12
Excalibur.Dispatch.Benchmarks.Comparative,MediatRComparisonBenchmarks,'Dispatch: Query with return value',comparative-inproc,False,Default,Default,Default,Default,Default,Default,11111111111111111111111111111111,Empty,RyuJit,Default,X64,8c5e7fda-e8bf-4a96-9a85-a6e23a8c635c,.NET 10.0,False,True,False,True,Default,Default,False,False,False,Default,Default,Default,Default,Default,InProcessEmitToolchain,Default,Default,Default,Default,Default,Default,Default,Default,Default,Default,Default,16,Default,?,127.57 ns,0.811 ns,0.759 ns,127.58 ns,1.10,0.02,0.0191,0.0000,360 B,1.36
Excalibur.Dispatch.Benchmarks.Comparative,PipelineComparisonBenchmarks,'Wolverine: 10 concurrent + 3 middleware',comparative-inproc,False,Default,Default,Default,Default,Default,Default,11111111111111111111111111111111,Empty,RyuJit,Default,X64,8c5e7fda-e8bf-4a96-9a85-a6e23a8c635c,.NET 10.0,False,True,False,True,Default,Default,False,False,False,Default,Default,Default,Default,Default,InProcessEmitToolchain,Default,Default,Default,Default,Default,Default,Default,Default,Default,Default,Default,16,Default,?,"2,463.70 ns",21.700 ns,20.298 ns,"2,468.12 ns",21.33,0.37,0.4158,0.0000,7888 B,29.88
Excalibur.Dispatch.Benchmarks.Comparative,TransportQueueParityComparisonBenchmarks,'Dispatch (remote): queued commands end-to-end (10 concurrent)',comparative-inproc,False,Default,Default,Default,Default,Default,Default,11111111111111111111111111111111,Empty,RyuJit,Default,X64,8c5e7fda-e8bf-4a96-9a85-a6e23a8c635c,.NET 10.0,False,True,False,True,Default,Default,False,False,False,Default,Default,Default,Default,Default,InProcessEmitToolchain,Default,Default,Default,Default,Default,Default,Default,Default,Default,Default,Default,16,Default,?,"7,271.11 ns",139.934 ns,176.972 ns,"7,246.09 ns",62.95,1.79,0.2747,0.0000,5276 B,19.98
Excalibur.Dispatch.Benchmarks.Comparative,WolverineComparisonBenchmarks,'Dispatch: 10 concurrent commands',comparative-inproc,False,Default,Default,Default,Default,Default,Default,11111111111111111111111111111111,Empty,RyuJit,Default,X64,8c5e7fda-e8bf-4a96-9a85-a6e23a8c635c,.NET 10.0,False,True,False,True,Default,Default,False,False,False,Default,Default,Default,Default,Default,InProcessEmitToolchain,Default,Default,Default,Default,Default,Default,Default,Default,Default,Default,Default,16,Default,?,"1,234.67 ns",6.205 ns,5.501 ns,"1,232.86 ns",10.69,0.17,0.1221,0.0000,2320 B,8.79
Excalibur.Dispatch.Benchmarks.Comparative,WolverineInProcessComparisonBenchmarks,'Wolverine (in-process): Query with return InvokeAsync',comparative-inproc,False,Default,Default,Default,Default,Default,Default,11111111111111111111111111111111,Empty,RyuJit,Default,X64,8c5e7fda-e8bf-4a96-9a85-a6e23a8c635c,.NET 10.0,False,True,False,True,Default,Default,False,False,False,Default,Default,Default,Default,Default,InProcessEmitToolchain,Default,Default,Default,Default,Default,Default,Default,Default,Default,Default,Default,16,Default,?,269.50 ns,3.043 ns,2.541 ns,269.68 ns,2.33,0.04,0.0496,0.0000,936 B,3.55
Excalibur.Dispatch.Benchmarks.Comparative,MassTransitComparisonBenchmarks,'MassTransit: 100 concurrent commands',comparative-inproc,False,Default,Default,Default,Default,Default,Default,11111111111111111111111111111111,Empty,RyuJit,Default,X64,8c5e7fda-e8bf-4a96-9a85-a6e23a8c635c,.NET 10.0,False,True,False,True,Default,Default,False,False,False,Default,Default,Default,Default,Default,InProcessEmitToolchain,Default,Default,Default,Default,Default,Default,Default,Default,Default,Default,Default,16,Default,?,"1,162,221.50 ns","8,481.082 ns","6,621.471 ns","1,164,279.10 ns","10,062.54",166.49,115.2344,27.3438,2185932 B,"8,280.05"
Excalibur.Dispatch.Benchmarks.Comparative,MassTransitMediatorComparisonBenchmarks,'MassTransit Mediator (in-process): 10 concurrent commands',comparative-inproc,False,Default,Default,Default,Default,Default,Default,11111111111111111111111111111111,Empty,RyuJit,Default,X64,8c5e7fda-e8bf-4a96-9a85-a6e23a8c635c,.NET 10.0,False,True,False,True,Default,Default,False,False,False,Default,Default,Default,Default,Default,InProcessEmitToolchain,Default,Default,Default,Default,Default,Default,Default,Default,Default,Default,Default,16,Default,?,"14,130.56 ns",279.322 ns,261.278 ns,"14,250.58 ns",122.34,2.91,1.8921,0.0000,35648 B,135.03
Excalibur.Dispatch.Benchmarks.Comparative,MediatRComparisonBenchmarks,'Dispatch: Query with return value (typed API)',comparative-inproc,False,Default,Default,Default,Default,Default,Default,11111111111111111111111111111111,Empty,RyuJit,Default,X64,8c5e7fda-e8bf-4a96-9a85-a6e23a8c635c,.NET 10.0,False,True,False,True,Default,Default,False,False,False,Default,Default,Default,Default,Default,InProcessEmitToolchain,Default,Default,Default,Default,Default,Default,Default,Default,Default,Default,Default,16,Default,?,158.32 ns,1.330 ns,1.039 ns,158.33 ns,1.37,0.02,0.0262,0.0000,496 B,1.88
Excalibur.Dispatch.Benchmarks.Comparative,PipelineComparisonBenchmarks,'MassTransit: 10 concurrent + 3 filters',comparative-inproc,False,Default,Default,Default,Default,Default,Default,11111111111111111111111111111111,Empty,RyuJit,Default,X64,8c5e7fda-e8bf-4a96-9a85-a6e23a8c635c,.NET 10.0,False,True,False,True,Default,Default,False,False,False,Default,Default,Default,Default,Default,InProcessEmitToolchain,Default,Default,Default,Default,Default,Default,Default,Default,Default,Default,Default,16,Default,?,"23,121.19 ns",457.135 ns,"1,086.430 ns","23,420.20 ns",200.18,9.85,2.4109,0.0000,45888 B,173.82
Excalibur.Dispatch.Benchmarks.Comparative,TransportQueueParityComparisonBenchmarks,'Wolverine: queued commands end-to-end (10 concurrent)',comparative-inproc,False,Default,Default,Default,Default,Default,Default,11111111111111111111111111111111,Empty,RyuJit,Default,X64,8c5e7fda-e8bf-4a96-9a85-a6e23a8c635c,.NET 10.0,False,True,False,True,Default,Default,False,False,False,Default,Default,Default,Default,Default,InProcessEmitToolchain,Default,Default,Default,Default,Default,Default,Default,Default,Default,Default,Default,16,Default,?,"63,002.42 ns","1,245.247 ns","3,323.817 ns","62,881.15 ns",545.48,29.85,2.9297,0.0000,56890 B,215.49
Excalibur.Dispatch.Benchmarks.Comparative,WolverineComparisonBenchmarks,'Wolverine: 10 concurrent commands',comparative-inproc,False,Default,Default,Default,Default,Default,Default,11111111111111111111111111111111,Empty,RyuJit,Default,X64,8c5e7fda-e8bf-4a96-9a85-a6e23a8c635c,.NET 10.0,False,True,False,True,Default,Default,False,False,False,Default,Default,Default,Default,Default,InProcessEmitToolchain,Default,Default,Default,Default,Default,Default,Default,Default,Default,Default,Default,16,Default,?,"2,142.70 ns",41.500 ns,56.806 ns,"2,127.23 ns",18.55,0.56,0.3738,0.0000,7088 B,26.85
Excalibur.Dispatch.Benchmarks.Comparative,WolverineInProcessComparisonBenchmarks,'Dispatch (local): 10 concurrent commands',comparative-inproc,False,Default,Default,Default,Default,Default,Default,11111111111111111111111111111111,Empty,RyuJit,Default,X64,8c5e7fda-e8bf-4a96-9a85-a6e23a8c635c,.NET 10.0,False,True,False,True,Default,Default,False,False,False,Default,Default,Default,Default,Default,InProcessEmitToolchain,Default,Default,Default,Default,Default,Default,Default,Default,Default,Default,Default,16,Default,?,"1,221.73 ns",10.865 ns,9.632 ns,"1,219.49 ns",10.58,0.18,0.1221,0.0000,2320 B,8.79
Excalibur.Dispatch.Benchmarks.Comparative,MassTransitComparisonBenchmarks,'Dispatch: Batch send (10)',comparative-inproc,False,Default,Default,Default,Default,Default,Default,11111111111111111111111111111111,Empty,RyuJit,Default,X64,8c5e7fda-e8bf-4a96-9a85-a6e23a8c635c,.NET 10.0,False,True,False,True,Default,Default,False,False,False,Default,Default,Default,Default,Default,InProcessEmitToolchain,Default,Default,Default,Default,Default,Default,Default,Default,Default,Default,Default,16,Default,?,"1,046.56 ns",6.515 ns,6.094 ns,"1,049.05 ns",9.06,0.15,0.1011,0.0000,1920 B,7.27
Excalibur.Dispatch.Benchmarks.Comparative,MassTransitMediatorComparisonBenchmarks,'Dispatch (local): 100 concurrent commands',comparative-inproc,False,Default,Default,Default,Default,Default,Default,11111111111111111111111111111111,Empty,RyuJit,Default,X64,8c5e7fda-e8bf-4a96-9a85-a6e23a8c635c,.NET 10.0,False,True,False,True,Default,Default,False,False,False,Default,Default,Default,Default,Default,InProcessEmitToolchain,Default,Default,Default,Default,Default,Default,Default,Default,Default,Default,Default,16,Default,?,"14,067.10 ns",180.521 ns,140.939 ns,"14,084.13 ns",121.79,2.23,1.6174,0.0458,30560 B,115.76
Excalibur.Dispatch.Benchmarks.Comparative,MediatRComparisonBenchmarks,'Dispatch: Query ultra-local API',comparative-inproc,False,Default,Default,Default,Default,Default,Default,11111111111111111111111111111111,Empty,RyuJit,Default,X64,8c5e7fda-e8bf-4a96-9a85-a6e23a8c635c,.NET 10.0,False,True,False,True,Default,Default,False,False,False,Default,Default,Default,Default,Default,InProcessEmitToolchain,Default,Default,Default,Default,Default,Default,Default,Default,Default,Default,Default,16,Default,?,67.29 ns,0.306 ns,0.272 ns,67.28 ns,0.58,0.01,0.0114,0.0000,216 B,0.82
Excalibur.Dispatch.Benchmarks.Comparative,TransportQueueParityComparisonBenchmarks,'MassTransit: queued commands end-to-end (10 concurrent)',comparative-inproc,False,Default,Default,Default,Default,Default,Default,11111111111111111111111111111111,Empty,RyuJit,Default,X64,8c5e7fda-e8bf-4a96-9a85-a6e23a8c635c,.NET 10.0,False,True,False,True,Default,Default,False,False,False,Default,Default,Default,Default,Default,InProcessEmitToolchain,Default,Default,Default,Default,Default,Default,Default,Default,Default,Default,Default,16,Default,?,"167,395.02 ns","6,149.537 ns","18,035.530 ns","166,870.12 ns","1,449.31",157.07,11.4746,0.7324,219070 B,829.81
Excalibur.Dispatch.Benchmarks.Comparative,WolverineComparisonBenchmarks,'Dispatch: Query with return value',comparative-inproc,False,Default,Default,Default,Default,Default,Default,11111111111111111111111111111111,Empty,RyuJit,Default,X64,8c5e7fda-e8bf-4a96-9a85-a6e23a8c635c,.NET 10.0,False,True,False,True,Default,Default,False,False,False,Default,Default,Default,Default,Default,InProcessEmitToolchain,Default,Default,Default,Default,Default,Default,Default,Default,Default,Default,Default,16,Default,?,153.22 ns,2.334 ns,1.949 ns,153.20 ns,1.33,0.03,0.0262,0.0000,496 B,1.88
Excalibur.Dispatch.Benchmarks.Comparative,WolverineInProcessComparisonBenchmarks,'Wolverine (in-process): 10 concurrent commands',comparative-inproc,False,Default,Default,Default,Default,Default,Default,11111111111111111111111111111111,Empty,RyuJit,Default,X64,8c5e7fda-e8bf-4a96-9a85-a6e23a8c635c,.NET 10.0,False,True,False,True,Default,Default,False,False,False,Default,Default,Default,Default,Default,InProcessEmitToolchain,Default,Default,Default,Default,Default,Default,Default,Default,Default,Default,Default,16,Default,?,"2,152.81 ns",42.173 ns,65.659 ns,"2,148.11 ns",18.64,0.63,0.3662,0.0000,6928 B,26.24
Excalibur.Dispatch.Benchmarks.Comparative,MassTransitComparisonBenchmarks,'MassTransit: Batch send (10)',comparative-inproc,False,Default,Default,Default,Default,Default,Default,11111111111111111111111111111111,Empty,RyuJit,Default,X64,8c5e7fda-e8bf-4a96-9a85-a6e23a8c635c,.NET 10.0,False,True,False,True,Default,Default,False,False,False,Default,Default,Default,Default,Default,InProcessEmitToolchain,Default,Default,Default,Default,Default,Default,Default,Default,Default,Default,Default,16,Default,?,"135,892.27 ns","1,214.658 ns","1,076.762 ns","135,628.83 ns","1,176.56",20.45,11.4746,0.7324,219330 B,830.80
Excalibur.Dispatch.Benchmarks.Comparative,MassTransitMediatorComparisonBenchmarks,'MassTransit Mediator (in-process): 100 concurrent commands',comparative-inproc,False,Default,Default,Default,Default,Default,Default,11111111111111111111111111111111,Empty,RyuJit,Default,X64,8c5e7fda-e8bf-4a96-9a85-a6e23a8c635c,.NET 10.0,False,True,False,True,Default,Default,False,False,False,Default,Default,Default,Default,Default,InProcessEmitToolchain,Default,Default,Default,Default,Default,Default,Default,Default,Default,Default,Default,16,Default,?,"137,947.94 ns","2,738.644 ns","5,532.196 ns","140,715.62 ns","1,194.36",50.97,18.7988,0.0000,355330 B,"1,345.95"
Excalibur.Dispatch.Benchmarks.Comparative,MediatRComparisonBenchmarks,'MediatR: Query with return value',comparative-inproc,False,Default,Default,Default,Default,Default,Default,11111111111111111111111111111111,Empty,RyuJit,Default,X64,8c5e7fda-e8bf-4a96-9a85-a6e23a8c635c,.NET 10.0,False,True,False,True,Default,Default,False,False,False,Default,Default,Default,Default,Default,InProcessEmitToolchain,Default,Default,Default,Default,Default,Default,Default,Default,Default,Default,Default,16,Default,?,56.19 ns,1.081 ns,1.011 ns,55.93 ns,0.49,0.01,0.0157,0.0000,296 B,1.12
Excalibur.Dispatch.Benchmarks.Comparative,WolverineComparisonBenchmarks,'Wolverine: Query with return value',comparative-inproc,False,Default,Default,Default,Default,Default,Default,11111111111111111111111111111111,Empty,RyuJit,Default,X64,8c5e7fda-e8bf-4a96-9a85-a6e23a8c635c,.NET 10.0,False,True,False,True,Default,Default,False,False,False,Default,Default,Default,Default,Default,InProcessEmitToolchain,Default,Default,Default,Default,Default,Default,Default,Default,Default,Default,Default,16,Default,?,263.28 ns,5.238 ns,4.643 ns,264.13 ns,2.28,0.05,0.0496,0.0000,936 B,3.55
Excalibur.Dispatch.Benchmarks.Comparative,WolverineInProcessComparisonBenchmarks,'Dispatch (local): 100 concurrent commands',comparative-inproc,False,Default,Default,Default,Default,Default,Default,11111111111111111111111111111111,Empty,RyuJit,Default,X64,8c5e7fda-e8bf-4a96-9a85-a6e23a8c635c,.NET 10.0,False,True,False,True,Default,Default,False,False,False,Default,Default,Default,Default,Default,InProcessEmitToolchain,Default,Default,Default,Default,Default,Default,Default,Default,Default,Default,Default,16,Default,?,"11,625.18 ns",93.694 ns,83.057 ns,"11,620.73 ns",100.65,1.72,1.1444,0.0305,21760 B,82.42
Excalibur.Dispatch.Benchmarks.Comparative,MediatRComparisonBenchmarks,'Dispatch: Ultra-local singleton-promoted',comparative-inproc,False,Default,Default,Default,Default,Default,Default,11111111111111111111111111111111,Empty,RyuJit,Default,X64,8c5e7fda-e8bf-4a96-9a85-a6e23a8c635c,.NET 10.0,False,True,False,True,Default,Default,False,False,False,Default,Default,Default,Default,Default,InProcessEmitToolchain,Default,Default,Default,Default,Default,Default,Default,Default,Default,Default,Default,16,Default,?,46.04 ns,0.484 ns,0.378 ns,46.01 ns,0.40,0.01,0.0025,0.0000,48 B,0.18
Excalibur.Dispatch.Benchmarks.Comparative,WolverineComparisonBenchmarks,'Dispatch: 100 concurrent commands',comparative-inproc,False,Default,Default,Default,Default,Default,Default,11111111111111111111111111111111,Empty,RyuJit,Default,X64,8c5e7fda-e8bf-4a96-9a85-a6e23a8c635c,.NET 10.0,False,True,False,True,Default,Default,False,False,False,Default,Default,Default,Default,Default,InProcessEmitToolchain,Default,Default,Default,Default,Default,Default,Default,Default,Default,Default,Default,16,Default,?,"12,098.11 ns",232.034 ns,248.274 ns,"11,978.20 ns",104.75,2.66,1.1444,0.0305,21760 B,82.42
Excalibur.Dispatch.Benchmarks.Comparative,WolverineInProcessComparisonBenchmarks,'Wolverine (in-process): 100 concurrent commands',comparative-inproc,False,Default,Default,Default,Default,Default,Default,11111111111111111111111111111111,Empty,RyuJit,Default,X64,8c5e7fda-e8bf-4a96-9a85-a6e23a8c635c,.NET 10.0,False,True,False,True,Default,Default,False,False,False,Default,Default,Default,Default,Default,InProcessEmitToolchain,Default,Default,Default,Default,Default,Default,Default,Default,Default,Default,Default,16,Default,?,"21,393.60 ns",318.692 ns,266.122 ns,"21,416.15 ns",185.23,3.65,3.6011,0.0000,68128 B,258.06
Excalibur.Dispatch.Benchmarks.Comparative,MediatRComparisonBenchmarks,'Dispatch: Query singleton-promoted',comparative-inproc,False,Default,Default,Default,Default,Default,Default,11111111111111111111111111111111,Empty,RyuJit,Default,X64,8c5e7fda-e8bf-4a96-9a85-a6e23a8c635c,.NET 10.0,False,True,False,True,Default,Default,False,False,False,Default,Default,Default,Default,Default,InProcessEmitToolchain,Default,Default,Default,Default,Default,Default,Default,Default,Default,Default,Default,16,Default,?,69.07 ns,1.384 ns,1.800 ns,68.34 ns,0.60,0.02,0.0114,0.0000,216 B,0.82
Excalibur.Dispatch.Benchmarks.Comparative,WolverineComparisonBenchmarks,'Wolverine: 100 concurrent commands',comparative-inproc,False,Default,Default,Default,Default,Default,Default,11111111111111111111111111111111,Empty,RyuJit,Default,X64,8c5e7fda-e8bf-4a96-9a85-a6e23a8c635c,.NET 10.0,False,True,False,True,Default,Default,False,False,False,Default,Default,Default,Default,Default,InProcessEmitToolchain,Default,Default,Default,Default,Default,Default,Default,Default,Default,Default,Default,16,Default,?,"21,312.31 ns",306.065 ns,255.578 ns,"21,301.83 ns",184.52,3.58,3.6926,0.0000,69728 B,264.12
Excalibur.Dispatch.Benchmarks.Comparative,MediatRComparisonBenchmarks,'Dispatch: 10 concurrent commands',comparative-inproc,False,Default,Default,Default,Default,Default,Default,11111111111111111111111111111111,Empty,RyuJit,Default,X64,8c5e7fda-e8bf-4a96-9a85-a6e23a8c635c,.NET 10.0,False,True,False,True,Default,Default,False,False,False,Default,Default,Default,Default,Default,InProcessEmitToolchain,Default,Default,Default,Default,Default,Default,Default,Default,Default,Default,Default,16,Default,?,"1,263.04 ns",22.653 ns,22.248 ns,"1,256.88 ns",10.94,0.25,0.1221,0.0000,2320 B,8.79
Excalibur.Dispatch.Benchmarks.Comparative,WolverineComparisonBenchmarks,'Dispatch: Batch queries (10)',comparative-inproc,False,Default,Default,Default,Default,Default,Default,11111111111111111111111111111111,Empty,RyuJit,Default,X64,8c5e7fda-e8bf-4a96-9a85-a6e23a8c635c,.NET 10.0,False,True,False,True,Default,Default,False,False,False,Default,Default,Default,Default,Default,InProcessEmitToolchain,Default,Default,Default,Default,Default,Default,Default,Default,Default,Default,Default,16,Default,?,"1,674.37 ns",33.092 ns,32.500 ns,"1,658.20 ns",14.50,0.35,0.2270,0.0000,4280 B,16.21
Excalibur.Dispatch.Benchmarks.Comparative,MediatRComparisonBenchmarks,'MediatR: 10 concurrent commands',comparative-inproc,False,Default,Default,Default,Default,Default,Default,11111111111111111111111111111111,Empty,RyuJit,Default,X64,8c5e7fda-e8bf-4a96-9a85-a6e23a8c635c,.NET 10.0,False,True,False,True,Default,Default,False,False,False,Default,Default,Default,Default,Default,InProcessEmitToolchain,Default,Default,Default,Default,Default,Default,Default,Default,Default,Default,Default,16,Default,?,530.83 ns,10.148 ns,10.421 ns,530.15 ns,4.60,0.11,0.0982,0.0000,1856 B,7.03
Excalibur.Dispatch.Benchmarks.Comparative,WolverineComparisonBenchmarks,'Wolverine: Batch queries (10)',comparative-inproc,False,Default,Default,Default,Default,Default,Default,11111111111111111111111111111111,Empty,RyuJit,Default,X64,8c5e7fda-e8bf-4a96-9a85-a6e23a8c635c,.NET 10.0,False,True,False,True,Default,Default,False,False,False,Default,Default,Default,Default,Default,InProcessEmitToolchain,Default,Default,Default,Default,Default,Default,Default,Default,Default,Default,Default,16,Default,?,"2,632.88 ns",33.697 ns,28.139 ns,"2,621.44 ns",22.80,0.43,0.4387,0.0000,8312 B,31.48
Excalibur.Dispatch.Benchmarks.Comparative,MediatRComparisonBenchmarks,'Dispatch: 100 concurrent commands',comparative-inproc,False,Default,Default,Default,Default,Default,Default,11111111111111111111111111111111,Empty,RyuJit,Default,X64,8c5e7fda-e8bf-4a96-9a85-a6e23a8c635c,.NET 10.0,False,True,False,True,Default,Default,False,False,False,Default,Default,Default,Default,Default,InProcessEmitToolchain,Default,Default,Default,Default,Default,Default,Default,Default,Default,Default,Default,16,Default,?,"11,852.24 ns",228.260 ns,213.514 ns,"11,741.56 ns",102.62,2.40,1.1444,0.0305,21760 B,82.42
Excalibur.Dispatch.Benchmarks.Comparative,MediatRComparisonBenchmarks,'MediatR: 100 concurrent commands',comparative-inproc,False,Default,Default,Default,Default,Default,Default,11111111111111111111111111111111,Empty,RyuJit,Default,X64,8c5e7fda-e8bf-4a96-9a85-a6e23a8c635c,.NET 10.0,False,True,False,True,Default,Default,False,False,False,Default,Default,Default,Default,Default,InProcessEmitToolchain,Default,Default,Default,Default,Default,Default,Default,Default,Default,Default,Default,16,Default,?,"4,951.12 ns",67.112 ns,59.493 ns,"4,958.84 ns",42.87,0.83,0.9003,0.0000,17064 B,64.64
Excalibur.Dispatch.Benchmarks.Patterns,CdcLatencyBenchmarks,LsnComparison,Job-CNUJVU,False,Default,Default,Default,Default,Default,Default,11111111111111111111111111111111,Empty,RyuJit,Default,X64,8c5e7fda-e8bf-4a96-9a85-a6e23a8c635c,.NET 10.0,False,True,False,True,Default,Default,False,False,False,Default,Default,Default,Default,Default,Default,Default,1,Default,Default,Default,Default,Default,Default,Default,Default,Default,1,Default,10,831.87 ns,115.114 ns,322.793 ns,800.00 ns,?,?,0.0000,0.0000,0 B,?
Excalibur.Dispatch.Benchmarks.Patterns,CdcLatencyBenchmarks,LsnComparison,Job-CNUJVU,False,Default,Default,Default,Default,Default,Default,11111111111111111111111111111111,Empty,RyuJit,Default,X64,8c5e7fda-e8bf-4a96-9a85-a6e23a8c635c,.NET 10.0,False,True,False,True,Default,Default,False,False,False,Default,Default,Default,Default,Default,Default,Default,1,Default,Default,Default,Default,Default,Default,Default,Default,Default,1,Default,100,"2,089.47 ns",151.365 ns,434.294 ns,"2,000.00 ns",?,?,0.0000,0.0000,0 B,?
Excalibur.Dispatch.Benchmarks.Patterns,CdcLatencyBenchmarks,LsnComparison,Job-CNUJVU,False,Default,Default,Default,Default,Default,Default,11111111111111111111111111111111,Empty,RyuJit,Default,X64,8c5e7fda-e8bf-4a96-9a85-a6e23a8c635c,.NET 10.0,False,True,False,True,Default,Default,False,False,False,Default,Default,Default,Default,Default,Default,Default,1,Default,Default,Default,Default,Default,Default,Default,Default,Default,1,Default,500,"6,713.40 ns",369.824 ns,"1,072.927 ns","6,500.00 ns",?,?,0.0000,0.0000,0 B,?
